{
  "best_model": "logistic_regression",
  "best_val_f1": 0.8768177929854577,
  "best_val_acc": 0.856,
  "all_models": {
    "logistic_regression": {
      "val_f1": 0.8768177929854577,
      "val_acc": 0.856,
      "model_type": "logistic_regression",
      "train_duration_seconds": 0.013556957244873047,
      "initial_memory_mb": 198.78125,
      "peak_memory_mb": 202.625
    },
    "random_forest": {
      "val_f1": 0.8768177929854577,
      "val_acc": 0.856,
      "model_type": "random_forest",
      "train_duration_seconds": 0.18990373611450195,
      "initial_memory_mb": 202.875,
      "peak_memory_mb": 208.71875
    },
    "gradient_boosting": {
      "val_f1": 0.8768177929854577,
      "val_acc": 0.856,
      "model_type": "gradient_boosting",
      "train_duration_seconds": 0.30953407287597656,
      "initial_memory_mb": 210.578125,
      "peak_memory_mb": 210.640625
    }
  }
}