{
  "best_model": "logistic_regression",
  "best_val_f1": 0.616880591209646,
  "best_val_acc": 0.5075,
  "all_models": {
    "logistic_regression": {
      "val_f1": 0.616880591209646,
      "val_acc": 0.5075,
      "model_type": "logistic_regression",
      "train_duration_seconds": 0.012600898742675781,
      "initial_memory_mb": 183.484375,
      "peak_memory_mb": 186.609375
    },
    "random_forest": {
      "val_f1": 0.5417999086340795,
      "val_acc": 0.4985,
      "model_type": "random_forest",
      "train_duration_seconds": 0.4288778305053711,
      "initial_memory_mb": 187.015625,
      "peak_memory_mb": 249.5625
    },
    "gradient_boosting": {
      "val_f1": 0.5523978685612788,
      "val_acc": 0.496,
      "model_type": "gradient_boosting",
      "train_duration_seconds": 0.8018109798431396,
      "initial_memory_mb": 250.84375,
      "peak_memory_mb": 246.9375
    }
  }
}