{
  "algorithm": "Baseline Confidence (address)",
  "metrics": {
    "accuracy": 0.645,
    "precision": 0.7608695652173914,
    "recall": 0.7342657342657343,
    "f1": 0.7473309608540926,
    "n_samples": 200
  },
  "coverage": 1.0,
  "n_total": 200,
  "n_unclear": 0
}