{
  "algorithm": "Baseline Completeness (category)",
  "metrics": {
    "accuracy": 0.62,
    "precision": 0.7964601769911505,
    "recall": 0.6293706293706294,
    "f1": 0.703125,
    "n_samples": 200
  },
  "coverage": 1.0,
  "n_total": 200,
  "n_unclear": 0
}