{
  "algorithm": "Baseline Confidence (name)",
  "metrics": {
    "accuracy": 0.655,
    "precision": 0.7371794871794872,
    "recall": 0.8041958041958042,
    "f1": 0.7692307692307693,
    "n_samples": 200
  },
  "coverage": 1.0,
  "n_total": 200,
  "n_unclear": 0
}