{
  "algorithm": "ML Model (website)",
  "metrics": {
    "accuracy": 0.62,
    "precision": 0.7410071942446043,
    "recall": 0.7202797202797203,
    "f1": 0.7304964539007093,
    "n_samples": 200
  },
  "coverage": 1.0,
  "n_total": 200,
  "n_unclear": 0
}