{
  "algorithm": "ML Model (phone)",
  "metrics": {
    "accuracy": 0.72,
    "precision": 0.7351351351351352,
    "recall": 0.951048951048951,
    "f1": 0.8292682926829268,
    "n_samples": 200
  },
  "coverage": 1.0,
  "n_total": 200,
  "n_unclear": 0
}