{
  "algorithm": "ML Model (name)",
  "metrics": {
    "accuracy": 0.445,
    "precision": 0.7758620689655172,
    "recall": 0.3146853146853147,
    "f1": 0.44776119402985076,
    "n_samples": 200
  },
  "coverage": 1.0,
  "n_total": 200,
  "n_unclear": 0
}