{
  "algorithm": "ML Model (address)",
  "metrics": {
    "accuracy": 0.685,
    "precision": 0.75,
    "recall": 0.8391608391608392,
    "f1": 0.7920792079207921,
    "n_samples": 200
  },
  "coverage": 1.0,
  "n_total": 200,
  "n_unclear": 0
}