{
  "algorithm": "ML Model (address)",
  "metrics": {
    "accuracy": 0.375,
    "precision": 0.875,
    "recall": 0.14685314685314685,
    "f1": 0.25149700598802394,
    "n_samples": 200
  },
  "coverage": 1.0,
  "n_total": 200,
  "n_unclear": 0
}