{
  "algorithm": "ML Model (phone)",
  "metrics": {
    "accuracy": 0.705,
    "precision": 0.7763157894736842,
    "recall": 0.8251748251748252,
    "f1": 0.8,
    "n_samples": 200
  },
  "coverage": 1.0,
  "n_total": 200,
  "n_unclear": 0
}