{
  "algorithm": "ML Model (website)",
  "metrics": {
    "accuracy": 0.7,
    "precision": 0.7426900584795322,
    "recall": 0.8881118881118881,
    "f1": 0.8089171974522293,
    "n_samples": 200
  },
  "coverage": 1.0,
  "n_total": 200,
  "n_unclear": 0
}