{
  "algorithm": "ML Model (category)",
  "metrics": {
    "accuracy": 0.285,
    "precision": 0.5,
    "recall": 0.02097902097902098,
    "f1": 0.040268456375838924,
    "n_samples": 200
  },
  "coverage": 1.0,
  "n_total": 200,
  "n_unclear": 0
}