{
  "algorithm": "ML Model (name)",
  "metrics": {
    "accuracy": 0.295,
    "precision": 0.75,
    "recall": 0.02097902097902098,
    "f1": 0.04081632653061224,
    "n_samples": 200
  },
  "coverage": 1.0,
  "n_total": 200,
  "n_unclear": 0
}