{
  "algorithm": "ML Model (website)",
  "metrics": {
    "accuracy": 0.675,
    "precision": 0.756578947368421,
    "recall": 0.8041958041958042,
    "f1": 0.7796610169491526,
    "n_samples": 200
  },
  "coverage": 1.0,
  "n_total": 200,
  "n_unclear": 0
}