{
  "model_type": "logistic_regression",
  "test_set_size": 1000,
  "metrics": {
    "accuracy": 0.984,
    "precision": 0.9841897233201581,
    "recall": 0.9946737683089214,
    "f1": 0.9894039735099338,
    "n_samples": 1000
  },
  "coverage": 1.0,
  "n_unclear": 0,
  "kr2_target_met": true,
  "kr3_target_met": true
}