{
  "best_model": "logistic_regression",
  "best_val_f1": 0.8785871964679912,
  "best_val_acc": 0.8625,
  "all_models": {
    "logistic_regression": {
      "val_f1": 0.8785871964679912,
      "val_acc": 0.8625,
      "model_type": "logistic_regression",
      "train_duration_seconds": 0.0073680877685546875,
      "initial_memory_mb": 181.390625,
      "peak_memory_mb": 182.296875
    },
    "random_forest": {
      "val_f1": 0.8785871964679912,
      "val_acc": 0.8625,
      "model_type": "random_forest",
      "train_duration_seconds": 0.09328508377075195,
      "initial_memory_mb": 182.359375,
      "peak_memory_mb": 185.078125
    },
    "gradient_boosting": {
      "val_f1": 0.8785871964679912,
      "val_acc": 0.8625,
      "model_type": "gradient_boosting",
      "train_duration_seconds": 0.04791903495788574,
      "initial_memory_mb": 185.46875,
      "peak_memory_mb": 185.09375
    }
  }
}