{
  "best_model": "logistic_regression",
  "best_val_f1": 0.8808988764044944,
  "best_val_acc": 0.8675,
  "all_models": {
    "logistic_regression": {
      "val_f1": 0.8808988764044944,
      "val_acc": 0.8675,
      "model_type": "logistic_regression",
      "train_duration_seconds": 0.014775991439819336,
      "initial_memory_mb": 190.375,
      "peak_memory_mb": 191.234375
    },
    "random_forest": {
      "val_f1": 0.8808988764044944,
      "val_acc": 0.8675,
      "model_type": "random_forest",
      "train_duration_seconds": 0.08651208877563477,
      "initial_memory_mb": 191.28125,
      "peak_memory_mb": 193.46875
    },
    "gradient_boosting": {
      "val_f1": 0.8808988764044944,
      "val_acc": 0.8675,
      "model_type": "gradient_boosting",
      "train_duration_seconds": 0.04798412322998047,
      "initial_memory_mb": 193.25,
      "peak_memory_mb": 193.375
    }
  }
}