{
  "best_model": "random_forest",
  "best_val_f1": 0.7846153846153846,
  "best_val_acc": 0.79,
  "all_models": {
    "logistic_regression": {
      "val_f1": 0.7025316455696202,
      "val_acc": 0.765,
      "model_type": "logistic_regression",
      "train_duration_seconds": 0.023179054260253906,
      "initial_memory_mb": 190.546875,
      "peak_memory_mb": 191.828125
    },
    "random_forest": {
      "val_f1": 0.7846153846153846,
      "val_acc": 0.79,
      "model_type": "random_forest",
      "train_duration_seconds": 0.08819103240966797,
      "initial_memory_mb": 191.84375,
      "peak_memory_mb": 195.234375
    },
    "gradient_boosting": {
      "val_f1": 0.7267605633802817,
      "val_acc": 0.7575,
      "model_type": "gradient_boosting",
      "train_duration_seconds": 0.13373684883117676,
      "initial_memory_mb": 195.3125,
      "peak_memory_mb": 195.59375
    }
  }
}