{
  "algorithm": "Baseline Hybrid (name)",
  "metrics": {
    "accuracy": 0.65,
    "precision": 0.732484076433121,
    "recall": 0.8041958041958042,
    "f1": 0.7666666666666667,
    "n_samples": 200
  },
  "coverage": 1.0,
  "n_total": 200,
  "n_unclear": 0
}