{
  "algorithm": "Baseline Hybrid (category)",
  "metrics": {
    "accuracy": 0.715,
    "precision": 0.7756410256410257,
    "recall": 0.8461538461538461,
    "f1": 0.8093645484949833,
    "n_samples": 200
  },
  "coverage": 1.0,
  "n_total": 200,
  "n_unclear": 0
}