{
  "best_model": "gradient_boosting",
  "best_val_f1": 0.7669172932330827,
  "best_val_acc": 0.7675,
  "all_models": {
    "logistic_regression": {
      "val_f1": 0.7236467236467237,
      "val_acc": 0.7575,
      "model_type": "logistic_regression",
      "train_duration_seconds": 0.02343893051147461,
      "initial_memory_mb": 190.265625,
      "peak_memory_mb": 191.625
    },
    "random_forest": {
      "val_f1": 0.7631578947368421,
      "val_acc": 0.775,
      "model_type": "random_forest",
      "train_duration_seconds": 0.161818265914917,
      "initial_memory_mb": 191.6875,
      "peak_memory_mb": 197.1875
    },
    "gradient_boosting": {
      "val_f1": 0.7669172932330827,
      "val_acc": 0.7675,
      "model_type": "gradient_boosting",
      "train_duration_seconds": 0.2090930938720703,
      "initial_memory_mb": 197.875,
      "peak_memory_mb": 197.875
    }
  }
}