{
  "algorithm": "Baseline Confidence (category)",
  "metrics": {
    "accuracy": 0.665,
    "precision": 0.7878787878787878,
    "recall": 0.7272727272727273,
    "f1": 0.7563636363636363,
    "n_samples": 200
  },
  "coverage": 1.0,
  "n_total": 200,
  "n_unclear": 0
}